{
    "Video_1": [
        0.46909534335136416,
        0.45244012475013734,
        0.4615503191947937,
        0.46725921630859374,
        0.4516763031482697,
        0.45695839524269105,
        0.47343419790267943,
        0.46240636706352234,
        0.46498658061027526,
        0.46688509583473203,
        0.4619767129421234,
        0.46896698474884035,
        0.46571229100227357,
        0.45716439485549926,
        0.46322919726371764,
        0.45764762759208677,
        0.46222627758979795,
        0.46963018774986265,
        0.46620434522628784,
        0.46464974284172056,
        0.46512956023216245,
        0.4666664063930511,
        0.47260398268699644,
        0.4614157319068909,
        0.4578438580036163,
        0.45850995779037473,
        0.4565235376358032,
        0.46417967677116395,
        0.46223731637001036,
        0.46468269228935244,
        0.46161540746688845,
        0.4657454252243042,
        0.4691417455673218,
        0.4588849782943726,
        0.46682236194610593,
        0.4627694129943848,
        0.462584787607193,
        0.4663267135620117,
        0.45639342069625854,
        0.4600811302661896,
        0.46972296833992006,
        0.47259095311164856,
        0.4645234704017639,
        0.4589278280735016,
        0.46341649889945985,
        0.46409912109375,
        0.4591335475444794,
        0.46216007471084597,
        0.46302356719970705,
        0.47089667320251466,
        0.4554153800010681,
        0.4587267577648163,
        0.46259990334510803,
        0.46226184964179995,
        0.45864208340644835,
        0.4675252914428711,
        0.47030646800994874,
        0.4627232074737549,
        0.45354865193367006,
        0.45979111194610595
    ],
    "Video_10": [
        0.479510098695755,
        0.4794313907623291,
        0.47887160181999205,
        0.4807650327682495,
        0.4802368700504303,
        0.47956729531288145,
        0.47967684268951416,
        0.478665816783905,
        0.47872733473777773,
        0.48170567154884336,
        0.48212167620658875,
        0.47797577977180483,
        0.47965717911720274,
        0.4802213549613953,
        0.4792544603347778,
        0.4801074922084808,
        0.47729049921035765,
        0.4813360035419464,
        0.4783715844154358,
        0.4790809750556946,
        0.4803576052188873,
        0.48149890899658204,
        0.48184621930122373,
        0.48058668375015257,
        0.4796483278274536,
        0.48043392300605775,
        0.481500107049942,
        0.4798025846481323,
        0.47931910753250123,
        0.47985581755638124,
        0.47631996870040894,
        0.4783586859703064,
        0.4805467128753662,
        0.48102896213531493,
        0.4775312066078186,
        0.4781457006931305,
        0.4800220489501953,
        0.4812596619129181,
        0.4799029231071472,
        0.4820485770702362,
        0.48118493556976316,
        0.48085773587226865,
        0.4795519232749939,
        0.4818134069442749,
        0.47861903309822085,
        0.47808597087860105,
        0.4794995605945587,
        0.47822333574295045,
        0.4832041561603546,
        0.4829243242740631,
        0.4814434826374054,
        0.4799772799015045,
        0.4777732193470001,
        0.48444355130195615,
        0.4779586374759674,
        0.47902716398239137,
        0.4816233813762665,
        0.48063859939575193,
        0.4806757628917694,
        0.4794181823730469
    ],
    "Video_13": [
        0.4788397252559662,
        0.47912915945053103,
        0.47982815504074094,
        0.479365873336792,
        0.47934730052948,
        0.48124619126319884,
        0.4811186373233795,
        0.4803984522819519,
        0.4798217535018921,
        0.4829226195812225,
        0.4802389025688171,
        0.4796028137207031,
        0.48231313228607176,
        0.47849602699279786,
        0.480754029750824,
        0.47944067120552064,
        0.480968713760376,
        0.47957842946052553,
        0.48228320479393005,
        0.4785734176635742,
        0.48151819705963134,
        0.47922190427780154,
        0.48087318539619445,
        0.48021082282066346,
        0.4803427517414093,
        0.48004086017608644,
        0.4787783265113831,
        0.48227384090423586,
        0.47958405017852784,
        0.47918528914451597,
        0.48169875144958496,
        0.48035303354263303,
        0.47969711422920225,
        0.48182846903800963,
        0.47875516414642333,
        0.4841206967830658,
        0.4793363451957703,
        0.47745142579078675,
        0.4784372687339783,
        0.4842751920223236,
        0.48137893676757815,
        0.477561354637146,
        0.4802022516727448,
        0.48063974976539614,
        0.4814959168434143,
        0.4800498127937317,
        0.48066725730896,
        0.48015378713607787,
        0.4794734716415405,
        0.4792469620704651,
        0.47982975244522097,
        0.4808369815349579,
        0.4777822732925415,
        0.4778622448444366,
        0.47902345657348633,
        0.4817294776439667,
        0.47821452617645266,
        0.48098811507225037,
        0.4788763225078583,
        0.4825222730636597
    ],
    "Video_16": [
        0.4741447985172272,
        0.4772024929523468,
        0.47795950770378115,
        0.4755293130874634,
        0.4780930459499359,
        0.47688883543014526,
        0.4760518312454224,
        0.47914775013923644,
        0.4757660746574402,
        0.47290772795677183,
        0.4750921905040741,
        0.47842868566513064,
        0.47697646021842954,
        0.47482638359069823,
        0.480323725938797,
        0.47984678149223325,
        0.47723588347435,
        0.47654993534088136,
        0.47864930629730223,
        0.48119843006134033,
        0.4734589695930481,
        0.47806347012519834,
        0.4752181112766266,
        0.47772752642631533,
        0.4753740310668945,
        0.4770705044269562,
        0.4788880407810211,
        0.477251923084259,
        0.475968736410141,
        0.47776134610176085,
        0.4788167417049408,
        0.47738015055656435,
        0.47569364309310913,
        0.47938594222068787,
        0.47519323229789734,
        0.4795438230037689,
        0.47489827275276186,
        0.4780723750591278,
        0.47342078685760497,
        0.4774255514144897,
        0.47871792912483213,
        0.47571240067481996,
        0.4791804552078247,
        0.4776765167713165,
        0.47263163328170776,
        0.47445073127746584,
        0.47590077519416807,
        0.47676347494125365,
        0.47917577624320984,
        0.48084781765937806,
        0.47512784600257874,
        0.4779800057411194,
        0.4759082019329071,
        0.4793477594852448,
        0.47557027339935304,
        0.47377387881278993,
        0.4754715621471405,
        0.4774306654930115,
        0.47742939591407774,
        0.47476059198379517
    ],